{
  "fat_table": {
    "/": {
      "name": "/",
      "type": "directory",
      "size": 0,
      "created_at": "2025-09-26T17:39:28.398799",
      "modified_at": "2025-09-26T17:39:28.398799",
      "permissions": "rwx",
      "access_count": 1,
      "content": "",
      "children": {
        "documentos": {
          "name": "documentos",
          "type": "directory",
          "size": 0,
          "created_at": "2025-09-26T17:39:30.003048",
          "modified_at": "2025-09-26T17:39:30.003048",
          "permissions": "rwx",
          "access_count": 1,
          "content": "",
          "children": {
            "carta.txt": {
              "name": "carta.txt",
              "type": "file",
              "size": 354,
              "created_at": "2025-09-26T17:39:40.439711",
              "modified_at": "2025-09-26T17:39:40.439711",
              "permissions": "rw-",
              "access_count": 0,
              "content": "Estimado evaluador,\n\nEste documento demuestra la capacidad del sistema de archivos\npara manejar archivos en subdirectorios.\n\nEl sistema implementa:\n✓ Navegación entre directorios\n✓ Creación de archivos en cualquier ubicación\n✓ Mantenimiento de la estructura jerárquica\n✓ Persistencia de datos entre sesiones\n\nAtentamente,\nEquipo de Desarrollo",
              "children": {}
            },
            "notas.md": {
              "name": "notas.md",
              "type": "file",
              "size": 614,
              "created_at": "2025-09-26T17:39:40.441723",
              "modified_at": "2025-09-26T17:39:40.441723",
              "permissions": "rw-",
              "access_count": 0,
              "content": "# Notas del Proyecto - Sistema de Archivos\n\n## Objetivos Cumplidos\n- [x] Implementar sistema de archivos simulado\n- [x] Crear operaciones CRUD completas\n- [x] Desarrollar navegación de directorios\n- [x] Implementar persistencia de datos\n- [x] Crear interfaz de línea de comandos\n- [x] Desarrollar suite de pruebas automatizadas\n\n## Arquitectura\n- **FileNode**: Representa archivos y directorios\n- **VirtualDisk**: Simula el disco físico\n- **FileSystem**: Interfaz principal del sistema\n\n## Próximos Pasos\n- Optimización de rendimiento\n- Implementación de permisos avanzados\n- Soporte para enlaces simbólicos",
              "children": {}
            }
          }
        },
        "proyectos": {
          "name": "proyectos",
          "type": "directory",
          "size": 0,
          "created_at": "2025-09-26T17:39:30.805596",
          "modified_at": "2025-09-26T17:39:30.805596",
          "permissions": "rwx",
          "access_count": 0,
          "content": "",
          "children": {}
        },
        "temp": {
          "name": "temp",
          "type": "directory",
          "size": 0,
          "created_at": "2025-09-26T17:39:31.607959",
          "modified_at": "2025-09-26T17:39:31.607959",
          "permissions": "rwx",
          "access_count": 0,
          "content": "",
          "children": {}
        },
        "bin": {
          "name": "bin",
          "type": "directory",
          "size": 0,
          "created_at": "2025-09-26T17:39:32.411308",
          "modified_at": "2025-09-26T17:39:32.411308",
          "permissions": "rwx",
          "access_count": 0,
          "content": "",
          "children": {}
        },
        "readme.txt": {
          "name": "readme.txt",
          "type": "file",
          "size": 699,
          "created_at": "2025-09-26T17:39:34.016872",
          "modified_at": "2025-09-26T17:39:42.847344",
          "permissions": "rw-",
          "access_count": 2,
          "content": "Este es un archivo de prueba del sistema de archivos simulado.\n¡CONTENIDO ACTUALIZADO EN LA DEMOSTRACIÓN!\n\nCARACTERÍSTICAS IMPLEMENTADAS:\n✓ Estructura tipo FAT simplificada\n✓ Operaciones CRUD completas (Create, Read, Update, Delete)\n✓ Navegación jerárquica de directorios\n✓ Persistencia automática en disco virtual\n✓ Interfaz de comandos interactiva\n✓ Suite de pruebas automatizadas\n✓ Manejo robusto de errores\n\nARQUITECTURA DEL SISTEMA:\n- FileNode: Representa archivos y directorios en memoria\n- VirtualDisk: Simula el almacenamiento físico\n- FileSystem: Proporciona la interfaz principal\n\n¡Sistema de archivos funcionando perfectamente!\nDemostración completada exitosamente.",
          "children": {}
        },
        "config.ini": {
          "name": "config.ini",
          "type": "file",
          "size": 143,
          "created_at": "2025-09-26T17:39:34.819808",
          "modified_at": "2025-09-26T17:39:34.819808",
          "permissions": "rw-",
          "access_count": 1,
          "content": "[sistema]\nversion=2.0\ndebug=true\nmax_files=1000\n\n[archivos]\nmax_size=1048576\nencoding=utf-8\n\n[persistencia]\nauto_save=true\nbackup_enabled=false",
          "children": {}
        },
        "datos.log": {
          "name": "datos.log",
          "type": "file",
          "size": 309,
          "created_at": "2025-09-26T17:39:35.622597",
          "modified_at": "2025-09-26T17:39:35.622597",
          "permissions": "rw-",
          "access_count": 1,
          "content": "2024-01-15 10:30:00 - Sistema de archivos iniciado\n2024-01-15 10:30:01 - Cargando configuración desde config.ini\n2024-01-15 10:30:02 - Inicializando tabla FAT\n2024-01-15 10:30:03 - Creando directorio raíz\n2024-01-15 10:30:04 - Sistema listo para operaciones\n2024-01-15 10:30:05 - Modo demostración activado",
          "children": {}
        }
      }
    }
  },
  "metadata": {
    "created_at": "2025-09-26T17:39:28.398799",
    "last_modified": "2025-09-26T17:39:44.453750",
    "total_blocks": 1000,
    "block_size": 512,
    "used_blocks": 0
  }
}